{"cameraMode":{"drawMode":0,"name":"Shaded","section":"Shading Mode"},"sceneLighting":true,"audioPlay":false,"sceneViewState":{"showFog":true,"showMaterialUpdate":false,"showSkybox":true,"showFlares":true,"showImageEffects":true,"showParticleSystems":true},"in2DMode":false,"pivot":{"x":5.819016456604004,"y":3.3886466026306154,"z":56.64999771118164},"rotation":{"x":-0.4427800476551056,"y":0.3717387020587921,"z":-0.20866824686527253,"w":-0.7888053059577942},"size":105.8536605834961,"orthographic":false}